<?xml version="1.0" encoding="UTF-8"?>
<document>
  <SYSTEMVOICE>
    <play47>1</play47>
    <play46>1</play46>
    <play45>1</play45>
    <play44>1</play44>
    <play43>1</play43>
    <play42>1</play42>
    <play41>1</play41>
    <play40>1</play40>
    <play39>1</play39>
    <play38>1</play38>
    <play37>1</play37>
    <play36>1</play36>
    <play35>1</play35>
    <play34>1</play34>
    <play33>1</play33>
    <play32>1</play32>
    <play31>1</play31>
    <play30>1</play30>
    <play29>1</play29>
    <play28>1</play28>
    <play27>1</play27>
    <play26>1</play26>
    <play25>1</play25>
    <play24>1</play24>
    <play23>1</play23>
    <play22>1</play22>
    <play21>1</play21>
    <play20>1</play20>
    <play19>1</play19>
    <play18>1</play18>
    <play17>1</play17>
    <play16>1</play16>
    <play15>1</play15>
    <play14>1</play14>
    <play13>1</play13>
    <play12>1</play12>
    <play11>1</play11>
    <play10>1</play10>
    <play09>1</play09>
    <play08>1</play08>
    <play07>1</play07>
    <play06>1</play06>
    <play05>1</play05>
    <play04>1</play04>
    <play03>1</play03>
    <play02>1</play02>
    <play01>1</play01>
    <play00>1</play00>
  </SYSTEMVOICE>
  <GAME>
    <use_jtalk>0</use_jtalk>
    <use_scene_skip>0</use_scene_skip>
    <enable_scene_anm>1</enable_scene_anm>
    <always_active>1</always_active>
    <autoselect>0</autoselect>
    <drawwnd>1</drawwnd>
    <enabledrag>1</enabledrag>
    <wndcolor>1342177280</wndcolor>
  </GAME>
  <EFFECT>
    <skipmot>0</skipmot>
    <dramatic>0</dramatic>
    <auto_cds>5</auto_cds>
    <auto_cd>1</auto_cd>
    <auto_c>1</auto_c>
    <help>1</help>
    <skipdraw>0</skipdraw>
    <speed>0</speed>
  </EFFECT>
  <MESSAGE>
    <enable_read_sel>1</enable_read_sel>
    <wipe>1</wipe>
    <contskip>0</contskip>
    <skipspeed>0</skipspeed>
    <read_color>-7763575</read_color>
    <enable_read>1</enable_read>
    <autoleft>0</autoleft>
    <ctrlmode>0</ctrlmode>
    <log_limit>100</log_limit>
    <skip_full>0</skip_full>
    <waitpcm>1</waitpcm>
    <still>0</still>
    <cont>0</cont>
    <ind>0</ind>
    <CHAR>5</CHAR>
    <base>15</base>
    <auto_p>4</auto_p>
    <speed>4</speed>
  </MESSAGE>
  <VOICE>
    <mute_play>0</mute_play>
    <mute_voice>0</mute_voice>
    <mute_se>0</mute_se>
    <mute_bgm>0</mute_bgm>
    <mute_master>0</mute_master>
    <cont_voice>1</cont_voice>
    <play47>1</play47>
    <play46>1</play46>
    <play45>1</play45>
    <play44>1</play44>
    <play43>1</play43>
    <play42>1</play42>
    <play41>1</play41>
    <play40>1</play40>
    <play39>1</play39>
    <play38>1</play38>
    <play37>1</play37>
    <play36>1</play36>
    <play35>1</play35>
    <play34>1</play34>
    <play33>1</play33>
    <play32>1</play32>
    <play31>1</play31>
    <play30>1</play30>
    <play29>1</play29>
    <play28>1</play28>
    <play27>1</play27>
    <play26>1</play26>
    <play25>1</play25>
    <play24>1</play24>
    <play23>1</play23>
    <play22>1</play22>
    <play21>1</play21>
    <play20>1</play20>
    <play19>1</play19>
    <play18>1</play18>
    <play17>1</play17>
    <play16>1</play16>
    <play15>1</play15>
    <play14>1</play14>
    <play13>1</play13>
    <play12>1</play12>
    <play11>1</play11>
    <play10>1</play10>
    <play09>1</play09>
    <play08>1</play08>
    <play07>1</play07>
    <play06>1</play06>
    <play05>1</play05>
    <play04>1</play04>
    <play03>1</play03>
    <play02>1</play02>
    <play01>1</play01>
    <play00>1</play00>
    <vol_master>100</vol_master>
    <vol_play>60</vol_play>
    <vol_voice>100</vol_voice>
    <vol_se>90</vol_se>
    <vol_bgm>80</vol_bgm>
  </VOICE>
  <KEY>
    <jp4r_28>0</jp4r_28>
    <ms4r_28>0</ms4r_28>
    <kb4r_28>0</kb4r_28>
    <jp4_28>0</jp4_28>
    <ms4_28>0</ms4_28>
    <kb4_28>0</kb4_28>
    <jp3r_28>0</jp3r_28>
    <ms3r_28>0</ms3r_28>
    <kb3r_28>0</kb3r_28>
    <jp3_28>0</jp3_28>
    <ms3_28>0</ms3_28>
    <kb3_28>0</kb3_28>
    <jp2r_28>0</jp2r_28>
    <ms2r_28>0</ms2r_28>
    <kb2r_28>0</kb2r_28>
    <jp2_28>0</jp2_28>
    <ms2_28>0</ms2_28>
    <kb2_28>0</kb2_28>
    <jp1r_28>0</jp1r_28>
    <ms1r_28>0</ms1r_28>
    <kb1r_28>0</kb1r_28>
    <jp1_28>0</jp1_28>
    <ms1_28>0</ms1_28>
    <kb1_28>0</kb1_28>
    <jp4r_27>0</jp4r_27>
    <ms4r_27>0</ms4r_27>
    <kb4r_27>0</kb4r_27>
    <jp4_27>0</jp4_27>
    <ms4_27>0</ms4_27>
    <kb4_27>0</kb4_27>
    <jp3r_27>0</jp3r_27>
    <ms3r_27>0</ms3r_27>
    <kb3r_27>0</kb3r_27>
    <jp3_27>0</jp3_27>
    <ms3_27>0</ms3_27>
    <kb3_27>0</kb3_27>
    <jp2r_27>0</jp2r_27>
    <ms2r_27>0</ms2r_27>
    <kb2r_27>0</kb2r_27>
    <jp2_27>0</jp2_27>
    <ms2_27>0</ms2_27>
    <kb2_27>0</kb2_27>
    <jp1r_27>0</jp1r_27>
    <ms1r_27>0</ms1r_27>
    <kb1r_27>0</kb1r_27>
    <jp1_27>0</jp1_27>
    <ms1_27>0</ms1_27>
    <kb1_27>0</kb1_27>
    <jp4r_26>0</jp4r_26>
    <ms4r_26>0</ms4r_26>
    <kb4r_26>0</kb4r_26>
    <jp4_26>0</jp4_26>
    <ms4_26>0</ms4_26>
    <kb4_26>0</kb4_26>
    <jp3r_26>0</jp3r_26>
    <ms3r_26>0</ms3r_26>
    <kb3r_26>0</kb3r_26>
    <jp3_26>0</jp3_26>
    <ms3_26>0</ms3_26>
    <kb3_26>0</kb3_26>
    <jp2r_26>0</jp2r_26>
    <ms2r_26>0</ms2r_26>
    <kb2r_26>0</kb2r_26>
    <jp2_26>0</jp2_26>
    <ms2_26>0</ms2_26>
    <kb2_26>0</kb2_26>
    <jp1r_26>0</jp1r_26>
    <ms1r_26>0</ms1r_26>
    <kb1r_26>0</kb1r_26>
    <jp1_26>0</jp1_26>
    <ms1_26>0</ms1_26>
    <kb1_26>0</kb1_26>
    <jp4r_25>0</jp4r_25>
    <ms4r_25>0</ms4r_25>
    <kb4r_25>0</kb4r_25>
    <jp4_25>0</jp4_25>
    <ms4_25>0</ms4_25>
    <kb4_25>0</kb4_25>
    <jp3r_25>0</jp3r_25>
    <ms3r_25>0</ms3r_25>
    <kb3r_25>0</kb3r_25>
    <jp3_25>0</jp3_25>
    <ms3_25>0</ms3_25>
    <kb3_25>0</kb3_25>
    <jp2r_25>0</jp2r_25>
    <ms2r_25>0</ms2r_25>
    <kb2r_25>0</kb2r_25>
    <jp2_25>0</jp2_25>
    <ms2_25>0</ms2_25>
    <kb2_25>0</kb2_25>
    <jp1r_25>0</jp1r_25>
    <ms1r_25>0</ms1r_25>
    <kb1r_25>0</kb1r_25>
    <jp1_25>0</jp1_25>
    <ms1_25>0</ms1_25>
    <kb1_25>0</kb1_25>
    <jp4r_24>0</jp4r_24>
    <ms4r_24>0</ms4r_24>
    <kb4r_24>0</kb4r_24>
    <jp4_24>0</jp4_24>
    <ms4_24>0</ms4_24>
    <kb4_24>0</kb4_24>
    <jp3r_24>0</jp3r_24>
    <ms3r_24>0</ms3r_24>
    <kb3r_24>0</kb3r_24>
    <jp3_24>0</jp3_24>
    <ms3_24>0</ms3_24>
    <kb3_24>0</kb3_24>
    <jp2r_24>0</jp2r_24>
    <ms2r_24>0</ms2r_24>
    <kb2r_24>0</kb2r_24>
    <jp2_24>0</jp2_24>
    <ms2_24>0</ms2_24>
    <kb2_24>0</kb2_24>
    <jp1r_24>0</jp1r_24>
    <ms1r_24>0</ms1r_24>
    <kb1r_24>0</kb1r_24>
    <jp1_24>0</jp1_24>
    <ms1_24>0</ms1_24>
    <kb1_24>0</kb1_24>
    <jp4r_23>0</jp4r_23>
    <ms4r_23>0</ms4r_23>
    <kb4r_23>0</kb4r_23>
    <jp4_23>0</jp4_23>
    <ms4_23>0</ms4_23>
    <kb4_23>0</kb4_23>
    <jp3r_23>0</jp3r_23>
    <ms3r_23>0</ms3r_23>
    <kb3r_23>0</kb3r_23>
    <jp3_23>0</jp3_23>
    <ms3_23>0</ms3_23>
    <kb3_23>0</kb3_23>
    <jp2r_23>0</jp2r_23>
    <ms2r_23>0</ms2r_23>
    <kb2r_23>0</kb2r_23>
    <jp2_23>0</jp2_23>
    <ms2_23>0</ms2_23>
    <kb2_23>0</kb2_23>
    <jp1r_23>0</jp1r_23>
    <ms1r_23>0</ms1r_23>
    <kb1r_23>0</kb1r_23>
    <jp1_23>0</jp1_23>
    <ms1_23>0</ms1_23>
    <kb1_23>0</kb1_23>
    <jp4r_22>0</jp4r_22>
    <ms4r_22>0</ms4r_22>
    <kb4r_22>0</kb4r_22>
    <jp4_22>0</jp4_22>
    <ms4_22>0</ms4_22>
    <kb4_22>0</kb4_22>
    <jp3r_22>0</jp3r_22>
    <ms3r_22>0</ms3r_22>
    <kb3r_22>0</kb3r_22>
    <jp3_22>0</jp3_22>
    <ms3_22>0</ms3_22>
    <kb3_22>0</kb3_22>
    <jp2r_22>0</jp2r_22>
    <ms2r_22>0</ms2r_22>
    <kb2r_22>0</kb2r_22>
    <jp2_22>0</jp2_22>
    <ms2_22>0</ms2_22>
    <kb2_22>0</kb2_22>
    <jp1r_22>0</jp1r_22>
    <ms1r_22>0</ms1r_22>
    <kb1r_22>0</kb1r_22>
    <jp1_22>0</jp1_22>
    <ms1_22>0</ms1_22>
    <kb1_22>113</kb1_22>
    <jp4r_21>0</jp4r_21>
    <ms4r_21>0</ms4r_21>
    <kb4r_21>0</kb4r_21>
    <jp4_21>0</jp4_21>
    <ms4_21>0</ms4_21>
    <kb4_21>0</kb4_21>
    <jp3r_21>0</jp3r_21>
    <ms3r_21>0</ms3r_21>
    <kb3r_21>0</kb3r_21>
    <jp3_21>0</jp3_21>
    <ms3_21>0</ms3_21>
    <kb3_21>0</kb3_21>
    <jp2r_21>0</jp2r_21>
    <ms2r_21>0</ms2r_21>
    <kb2r_21>0</kb2r_21>
    <jp2_21>0</jp2_21>
    <ms2_21>0</ms2_21>
    <kb2_21>0</kb2_21>
    <jp1r_21>0</jp1r_21>
    <ms1r_21>0</ms1r_21>
    <kb1r_21>0</kb1r_21>
    <jp1_21>0</jp1_21>
    <ms1_21>0</ms1_21>
    <kb1_21>112</kb1_21>
    <jp4r_20>0</jp4r_20>
    <ms4r_20>0</ms4r_20>
    <kb4r_20>0</kb4r_20>
    <jp4_20>0</jp4_20>
    <ms4_20>0</ms4_20>
    <kb4_20>0</kb4_20>
    <jp3r_20>0</jp3r_20>
    <ms3r_20>0</ms3r_20>
    <kb3r_20>0</kb3r_20>
    <jp3_20>0</jp3_20>
    <ms3_20>0</ms3_20>
    <kb3_20>0</kb3_20>
    <jp2r_20>0</jp2r_20>
    <ms2r_20>0</ms2r_20>
    <kb2r_20>0</kb2r_20>
    <jp2_20>0</jp2_20>
    <ms2_20>0</ms2_20>
    <kb2_20>0</kb2_20>
    <jp1r_20>0</jp1r_20>
    <ms1r_20>0</ms1r_20>
    <kb1r_20>0</kb1r_20>
    <jp1_20>0</jp1_20>
    <ms1_20>0</ms1_20>
    <kb1_20>118</kb1_20>
    <jp4r_19>0</jp4r_19>
    <ms4r_19>0</ms4r_19>
    <kb4r_19>0</kb4r_19>
    <jp4_19>0</jp4_19>
    <ms4_19>0</ms4_19>
    <kb4_19>0</kb4_19>
    <jp3r_19>0</jp3r_19>
    <ms3r_19>0</ms3r_19>
    <kb3r_19>0</kb3r_19>
    <jp3_19>0</jp3_19>
    <ms3_19>0</ms3_19>
    <kb3_19>0</kb3_19>
    <jp2r_19>0</jp2r_19>
    <ms2r_19>0</ms2r_19>
    <kb2r_19>0</kb2r_19>
    <jp2_19>0</jp2_19>
    <ms2_19>0</ms2_19>
    <kb2_19>0</kb2_19>
    <jp1r_19>0</jp1r_19>
    <ms1r_19>0</ms1r_19>
    <kb1r_19>0</kb1r_19>
    <jp1_19>0</jp1_19>
    <ms1_19>0</ms1_19>
    <kb1_19>117</kb1_19>
    <jp4r_18>0</jp4r_18>
    <ms4r_18>0</ms4r_18>
    <kb4r_18>0</kb4r_18>
    <jp4_18>0</jp4_18>
    <ms4_18>0</ms4_18>
    <kb4_18>0</kb4_18>
    <jp3r_18>0</jp3r_18>
    <ms3r_18>0</ms3r_18>
    <kb3r_18>0</kb3r_18>
    <jp3_18>0</jp3_18>
    <ms3_18>0</ms3_18>
    <kb3_18>0</kb3_18>
    <jp2r_18>0</jp2r_18>
    <ms2r_18>0</ms2r_18>
    <kb2r_18>0</kb2r_18>
    <jp2_18>0</jp2_18>
    <ms2_18>0</ms2_18>
    <kb2_18>0</kb2_18>
    <jp1r_18>0</jp1r_18>
    <ms1r_18>0</ms1r_18>
    <kb1r_18>0</kb1r_18>
    <jp1_18>0</jp1_18>
    <ms1_18>0</ms1_18>
    <kb1_18>0</kb1_18>
    <jp4r_17>0</jp4r_17>
    <ms4r_17>0</ms4r_17>
    <kb4r_17>0</kb4r_17>
    <jp4_17>0</jp4_17>
    <ms4_17>0</ms4_17>
    <kb4_17>0</kb4_17>
    <jp3r_17>0</jp3r_17>
    <ms3r_17>0</ms3r_17>
    <kb3r_17>0</kb3r_17>
    <jp3_17>0</jp3_17>
    <ms3_17>0</ms3_17>
    <kb3_17>0</kb3_17>
    <jp2r_17>0</jp2r_17>
    <ms2r_17>0</ms2r_17>
    <kb2r_17>0</kb2r_17>
    <jp2_17>0</jp2_17>
    <ms2_17>0</ms2_17>
    <kb2_17>0</kb2_17>
    <jp1r_17>0</jp1r_17>
    <ms1r_17>0</ms1r_17>
    <kb1r_17>0</kb1r_17>
    <jp1_17>0</jp1_17>
    <ms1_17>0</ms1_17>
    <kb1_17>0</kb1_17>
    <jp4r_16>0</jp4r_16>
    <ms4r_16>0</ms4r_16>
    <kb4r_16>0</kb4r_16>
    <jp4_16>0</jp4_16>
    <ms4_16>0</ms4_16>
    <kb4_16>0</kb4_16>
    <jp3r_16>0</jp3r_16>
    <ms3r_16>0</ms3r_16>
    <kb3r_16>0</kb3r_16>
    <jp3_16>0</jp3_16>
    <ms3_16>0</ms3_16>
    <kb3_16>0</kb3_16>
    <jp2r_16>0</jp2r_16>
    <ms2r_16>0</ms2r_16>
    <kb2r_16>0</kb2r_16>
    <jp2_16>0</jp2_16>
    <ms2_16>0</ms2_16>
    <kb2_16>0</kb2_16>
    <jp1r_16>0</jp1r_16>
    <ms1r_16>0</ms1r_16>
    <kb1r_16>0</kb1r_16>
    <jp1_16>0</jp1_16>
    <ms1_16>0</ms1_16>
    <kb1_16>0</kb1_16>
    <jp4r_15>0</jp4r_15>
    <ms4r_15>0</ms4r_15>
    <kb4r_15>0</kb4r_15>
    <jp4_15>0</jp4_15>
    <ms4_15>0</ms4_15>
    <kb4_15>0</kb4_15>
    <jp3r_15>0</jp3r_15>
    <ms3r_15>0</ms3r_15>
    <kb3r_15>0</kb3r_15>
    <jp3_15>0</jp3_15>
    <ms3_15>0</ms3_15>
    <kb3_15>0</kb3_15>
    <jp2r_15>0</jp2r_15>
    <ms2r_15>0</ms2r_15>
    <kb2r_15>0</kb2r_15>
    <jp2_15>0</jp2_15>
    <ms2_15>0</ms2_15>
    <kb2_15>34</kb2_15>
    <jp1r_15>0</jp1r_15>
    <ms1r_15>0</ms1r_15>
    <kb1r_15>0</kb1r_15>
    <jp1_15>0</jp1_15>
    <ms1_15>6</ms1_15>
    <kb1_15>33</kb1_15>
    <jp4r_14>0</jp4r_14>
    <ms4r_14>0</ms4r_14>
    <kb4r_14>0</kb4r_14>
    <jp4_14>0</jp4_14>
    <ms4_14>0</ms4_14>
    <kb4_14>0</kb4_14>
    <jp3r_14>0</jp3r_14>
    <ms3r_14>0</ms3r_14>
    <kb3r_14>0</kb3r_14>
    <jp3_14>0</jp3_14>
    <ms3_14>0</ms3_14>
    <kb3_14>0</kb3_14>
    <jp2r_14>0</jp2r_14>
    <ms2r_14>0</ms2r_14>
    <kb2r_14>0</kb2r_14>
    <jp2_14>0</jp2_14>
    <ms2_14>0</ms2_14>
    <kb2_14>0</kb2_14>
    <jp1r_14>0</jp1r_14>
    <ms1r_14>0</ms1r_14>
    <kb1r_14>0</kb1r_14>
    <jp1_14>0</jp1_14>
    <ms1_14>0</ms1_14>
    <kb1_14>65</kb1_14>
    <jp4r_13>0</jp4r_13>
    <ms4r_13>0</ms4r_13>
    <kb4r_13>0</kb4r_13>
    <jp4_13>0</jp4_13>
    <ms4_13>0</ms4_13>
    <kb4_13>0</kb4_13>
    <jp3r_13>0</jp3r_13>
    <ms3r_13>0</ms3r_13>
    <kb3r_13>0</kb3r_13>
    <jp3_13>0</jp3_13>
    <ms3_13>0</ms3_13>
    <kb3_13>0</kb3_13>
    <jp2r_13>0</jp2r_13>
    <ms2r_13>0</ms2r_13>
    <kb2r_13>0</kb2r_13>
    <jp2_13>0</jp2_13>
    <ms2_13>0</ms2_13>
    <kb2_13>0</kb2_13>
    <jp1r_13>0</jp1r_13>
    <ms1r_13>0</ms1r_13>
    <kb1r_13>0</kb1r_13>
    <jp1_13>0</jp1_13>
    <ms1_13>0</ms1_13>
    <kb1_13>0</kb1_13>
    <jp4r_12>0</jp4r_12>
    <ms4r_12>0</ms4r_12>
    <kb4r_12>0</kb4r_12>
    <jp4_12>0</jp4_12>
    <ms4_12>0</ms4_12>
    <kb4_12>0</kb4_12>
    <jp3r_12>0</jp3r_12>
    <ms3r_12>0</ms3r_12>
    <kb3r_12>0</kb3r_12>
    <jp3_12>0</jp3_12>
    <ms3_12>0</ms3_12>
    <kb3_12>0</kb3_12>
    <jp2r_12>0</jp2r_12>
    <ms2r_12>0</ms2r_12>
    <kb2r_12>0</kb2r_12>
    <jp2_12>0</jp2_12>
    <ms2_12>0</ms2_12>
    <kb2_12>0</kb2_12>
    <jp1r_12>0</jp1r_12>
    <ms1r_12>0</ms1r_12>
    <kb1r_12>0</kb1r_12>
    <jp1_12>0</jp1_12>
    <ms1_12>0</ms1_12>
    <kb1_12>17</kb1_12>
    <jp4r_11>0</jp4r_11>
    <ms4r_11>0</ms4r_11>
    <kb4r_11>0</kb4r_11>
    <jp4_11>0</jp4_11>
    <ms4_11>0</ms4_11>
    <kb4_11>0</kb4_11>
    <jp3r_11>0</jp3r_11>
    <ms3r_11>0</ms3r_11>
    <kb3r_11>0</kb3r_11>
    <jp3_11>0</jp3_11>
    <ms3_11>0</ms3_11>
    <kb3_11>0</kb3_11>
    <jp2r_11>0</jp2r_11>
    <ms2r_11>0</ms2r_11>
    <kb2r_11>0</kb2r_11>
    <jp2_11>0</jp2_11>
    <ms2_11>0</ms2_11>
    <kb2_11>0</kb2_11>
    <jp1r_11>0</jp1r_11>
    <ms1r_11>0</ms1r_11>
    <kb1r_11>1</kb1r_11>
    <jp1_11>0</jp1_11>
    <ms1_11>7</ms1_11>
    <kb1_11>34</kb1_11>
    <jp4r_10>0</jp4r_10>
    <ms4r_10>0</ms4r_10>
    <kb4r_10>0</kb4r_10>
    <jp4_10>0</jp4_10>
    <ms4_10>0</ms4_10>
    <kb4_10>0</kb4_10>
    <jp3r_10>0</jp3r_10>
    <ms3r_10>0</ms3r_10>
    <kb3r_10>0</kb3r_10>
    <jp3_10>0</jp3_10>
    <ms3_10>0</ms3_10>
    <kb3_10>0</kb3_10>
    <jp2r_10>0</jp2r_10>
    <ms2r_10>0</ms2r_10>
    <kb2r_10>0</kb2r_10>
    <jp2_10>0</jp2_10>
    <ms2_10>0</ms2_10>
    <kb2_10>0</kb2_10>
    <jp1r_10>0</jp1r_10>
    <ms1r_10>0</ms1r_10>
    <kb1r_10>1</kb1r_10>
    <jp1_10>0</jp1_10>
    <ms1_10>6</ms1_10>
    <kb1_10>33</kb1_10>
    <jp4r_09>0</jp4r_09>
    <ms4r_09>0</ms4r_09>
    <kb4r_09>0</kb4r_09>
    <jp4_09>0</jp4_09>
    <ms4_09>0</ms4_09>
    <kb4_09>0</kb4_09>
    <jp3r_09>0</jp3r_09>
    <ms3r_09>0</ms3r_09>
    <kb3r_09>0</kb3r_09>
    <jp3_09>0</jp3_09>
    <ms3_09>0</ms3_09>
    <kb3_09>0</kb3_09>
    <jp2r_09>0</jp2r_09>
    <ms2r_09>0</ms2r_09>
    <kb2r_09>1</kb2r_09>
    <jp2_09>0</jp2_09>
    <ms2_09>0</ms2_09>
    <kb2_09>98</kb2_09>
    <jp1r_09>0</jp1r_09>
    <ms1r_09>0</ms1r_09>
    <kb1r_09>1</kb1r_09>
    <jp1_09>0</jp1_09>
    <ms1_09>7</ms1_09>
    <kb1_09>40</kb1_09>
    <jp4r_08>0</jp4r_08>
    <ms4r_08>0</ms4r_08>
    <kb4r_08>0</kb4r_08>
    <jp4_08>0</jp4_08>
    <ms4_08>0</ms4_08>
    <kb4_08>0</kb4_08>
    <jp3r_08>0</jp3r_08>
    <ms3r_08>0</ms3r_08>
    <kb3r_08>0</kb3r_08>
    <jp3_08>0</jp3_08>
    <ms3_08>0</ms3_08>
    <kb3_08>0</kb3_08>
    <jp2r_08>0</jp2r_08>
    <ms2r_08>0</ms2r_08>
    <kb2r_08>1</kb2r_08>
    <jp2_08>0</jp2_08>
    <ms2_08>0</ms2_08>
    <kb2_08>104</kb2_08>
    <jp1r_08>0</jp1r_08>
    <ms1r_08>0</ms1r_08>
    <kb1r_08>1</kb1r_08>
    <jp1_08>0</jp1_08>
    <ms1_08>6</ms1_08>
    <kb1_08>38</kb1_08>
    <jp4r_07>0</jp4r_07>
    <ms4r_07>0</ms4r_07>
    <kb4r_07>0</kb4r_07>
    <jp4_07>0</jp4_07>
    <ms4_07>0</ms4_07>
    <kb4_07>0</kb4_07>
    <jp3r_07>0</jp3r_07>
    <ms3r_07>0</ms3r_07>
    <kb3r_07>0</kb3r_07>
    <jp3_07>0</jp3_07>
    <ms3_07>0</ms3_07>
    <kb3_07>0</kb3_07>
    <jp2r_07>0</jp2r_07>
    <ms2r_07>0</ms2r_07>
    <kb2r_07>1</kb2r_07>
    <jp2_07>0</jp2_07>
    <ms2_07>0</ms2_07>
    <kb2_07>102</kb2_07>
    <jp1r_07>1</jp1r_07>
    <ms1r_07>0</ms1r_07>
    <kb1r_07>1</kb1r_07>
    <jp1_07>4</jp1_07>
    <ms1_07>0</ms1_07>
    <kb1_07>39</kb1_07>
    <jp4r_06>0</jp4r_06>
    <ms4r_06>0</ms4r_06>
    <kb4r_06>0</kb4r_06>
    <jp4_06>0</jp4_06>
    <ms4_06>0</ms4_06>
    <kb4_06>0</kb4_06>
    <jp3r_06>0</jp3r_06>
    <ms3r_06>0</ms3r_06>
    <kb3r_06>0</kb3r_06>
    <jp3_06>0</jp3_06>
    <ms3_06>0</ms3_06>
    <kb3_06>0</kb3_06>
    <jp2r_06>0</jp2r_06>
    <ms2r_06>0</ms2r_06>
    <kb2r_06>1</kb2r_06>
    <jp2_06>0</jp2_06>
    <ms2_06>0</ms2_06>
    <kb2_06>100</kb2_06>
    <jp1r_06>1</jp1r_06>
    <ms1r_06>0</ms1r_06>
    <kb1r_06>1</kb1r_06>
    <jp1_06>3</jp1_06>
    <ms1_06>0</ms1_06>
    <kb1_06>37</kb1_06>
    <jp4r_05>0</jp4r_05>
    <ms4r_05>0</ms4r_05>
    <kb4r_05>0</kb4r_05>
    <jp4_05>0</jp4_05>
    <ms4_05>0</ms4_05>
    <kb4_05>0</kb4_05>
    <jp3r_05>0</jp3r_05>
    <ms3r_05>0</ms3r_05>
    <kb3r_05>0</kb3r_05>
    <jp3_05>0</jp3_05>
    <ms3_05>0</ms3_05>
    <kb3_05>0</kb3_05>
    <jp2r_05>0</jp2r_05>
    <ms2r_05>0</ms2r_05>
    <kb2r_05>1</kb2r_05>
    <jp2_05>0</jp2_05>
    <ms2_05>0</ms2_05>
    <kb2_05>98</kb2_05>
    <jp1r_05>1</jp1r_05>
    <ms1r_05>0</ms1r_05>
    <kb1r_05>1</kb1r_05>
    <jp1_05>2</jp1_05>
    <ms1_05>0</ms1_05>
    <kb1_05>40</kb1_05>
    <jp4r_04>0</jp4r_04>
    <ms4r_04>0</ms4r_04>
    <kb4r_04>0</kb4r_04>
    <jp4_04>0</jp4_04>
    <ms4_04>0</ms4_04>
    <kb4_04>0</kb4_04>
    <jp3r_04>0</jp3r_04>
    <ms3r_04>0</ms3r_04>
    <kb3r_04>0</kb3r_04>
    <jp3_04>0</jp3_04>
    <ms3_04>0</ms3_04>
    <kb3_04>0</kb3_04>
    <jp2r_04>0</jp2r_04>
    <ms2r_04>0</ms2r_04>
    <kb2r_04>1</kb2r_04>
    <jp2_04>0</jp2_04>
    <ms2_04>0</ms2_04>
    <kb2_04>104</kb2_04>
    <jp1r_04>1</jp1r_04>
    <ms1r_04>0</ms1r_04>
    <kb1r_04>1</kb1r_04>
    <jp1_04>1</jp1_04>
    <ms1_04>0</ms1_04>
    <kb1_04>38</kb1_04>
    <jp4r_03>0</jp4r_03>
    <ms4r_03>0</ms4r_03>
    <kb4r_03>0</kb4r_03>
    <jp4_03>0</jp4_03>
    <ms4_03>0</ms4_03>
    <kb4_03>0</kb4_03>
    <jp3r_03>0</jp3r_03>
    <ms3r_03>0</ms3r_03>
    <kb3r_03>0</kb3r_03>
    <jp3_03>0</jp3_03>
    <ms3_03>0</ms3_03>
    <kb3_03>0</kb3_03>
    <jp2r_03>0</jp2r_03>
    <ms2r_03>0</ms2r_03>
    <kb2r_03>0</kb2r_03>
    <jp2_03>0</jp2_03>
    <ms2_03>0</ms2_03>
    <kb2_03>32</kb2_03>
    <jp1r_03>0</jp1r_03>
    <ms1r_03>0</ms1r_03>
    <kb1r_03>0</kb1r_03>
    <jp1_03>6</jp1_03>
    <ms1_03>3</ms1_03>
    <kb1_03>27</kb1_03>
    <jp4r_02>0</jp4r_02>
    <ms4r_02>0</ms4r_02>
    <kb4r_02>0</kb4r_02>
    <jp4_02>0</jp4_02>
    <ms4_02>0</ms4_02>
    <kb4_02>0</kb4_02>
    <jp3r_02>0</jp3r_02>
    <ms3r_02>0</ms3r_02>
    <kb3r_02>0</kb3r_02>
    <jp3_02>0</jp3_02>
    <ms3_02>0</ms3_02>
    <kb3_02>0</kb3_02>
    <jp2r_02>0</jp2r_02>
    <ms2r_02>0</ms2r_02>
    <kb2r_02>0</kb2r_02>
    <jp2_02>0</jp2_02>
    <ms2_02>7</ms2_02>
    <kb2_02>90</kb2_02>
    <jp1r_02>0</jp1r_02>
    <ms1r_02>0</ms1r_02>
    <kb1r_02>1</kb1r_02>
    <jp1_02>5</jp1_02>
    <ms1_02>1</ms1_02>
    <kb1_02>13</kb1_02>
    <jp4r_01>0</jp4r_01>
    <ms4r_01>0</ms4r_01>
    <kb4r_01>0</kb4r_01>
    <jp4_01>0</jp4_01>
    <ms4_01>0</ms4_01>
    <kb4_01>0</kb4_01>
    <jp3r_01>0</jp3r_01>
    <ms3r_01>0</ms3r_01>
    <kb3r_01>0</kb3r_01>
    <jp3_01>0</jp3_01>
    <ms3_01>0</ms3_01>
    <kb3_01>0</kb3_01>
    <jp2r_01>0</jp2r_01>
    <ms2r_01>0</ms2r_01>
    <kb2r_01>0</kb2r_01>
    <jp2_01>0</jp2_01>
    <ms2_01>0</ms2_01>
    <kb2_01>32</kb2_01>
    <jp1r_01>0</jp1r_01>
    <ms1r_01>0</ms1r_01>
    <kb1r_01>0</kb1r_01>
    <jp1_01>6</jp1_01>
    <ms1_01>3</ms1_01>
    <kb1_01>27</kb1_01>
    <jp4r_00>0</jp4r_00>
    <ms4r_00>0</ms4r_00>
    <kb4r_00>0</kb4r_00>
    <jp4_00>0</jp4_00>
    <ms4_00>0</ms4_00>
    <kb4_00>0</kb4_00>
    <jp3r_00>0</jp3r_00>
    <ms3r_00>0</ms3r_00>
    <kb3r_00>0</kb3r_00>
    <jp3_00>0</jp3_00>
    <ms3_00>0</ms3_00>
    <kb3_00>0</kb3_00>
    <jp2r_00>0</jp2r_00>
    <ms2r_00>0</ms2r_00>
    <kb2r_00>0</kb2r_00>
    <jp2_00>0</jp2_00>
    <ms2_00>0</ms2_00>
    <kb2_00>90</kb2_00>
    <jp1r_00>0</jp1r_00>
    <ms1r_00>0</ms1r_00>
    <kb1r_00>1</kb1r_00>
    <jp1_00>5</jp1_00>
    <ms1_00>1</ms1_00>
    <kb1_00>13</kb1_00>
    <enable_joypad>0</enable_joypad>
  </KEY>
  <FONT>
    <fixed>0</fixed>
    <proportional>1</proportional>
    <bold>0</bold>
    <shadow>
      <around>1</around>
      <rightdown>1</rightdown>
    </shadow>
    <faceruby>黑体</faceruby>
    <face>黑体</face>
  </FONT>
  <CONFIG>
    <type>0</type>
  </CONFIG>
  <TTS>
    <tone>0.000000</tone>
    <speed>1.000000</speed>
    <id></id>
  </TTS>
  <language>
    <id>
      <sub>-1</sub>
      <main>0</main>
      <UI>0</UI>
    </id>
  </language>
  <FULL_SCREEN>
    <no_full_res>0</no_full_res>
    <wall>1</wall>
    <mw_pos>0</mw_pos>
    <full_pos>0</full_pos>
    <full_size>0</full_size>
  </FULL_SCREEN>
  <D3D>
    <tex_comp>0</tex_comp>
    <tex_size>0</tex_size>
    <fogtype>1</fogtype>
    <antialias>0</antialias>
    <vsync>1</vsync>
    <light>1</light>
    <hardTnL>1</hardTnL>
    <backbuffer>1</backbuffer>
  </D3D>
  <DEPEND>
    <use_z>1</use_z>
    <z32>0</z32>
    <gdi_cap>0</gdi_cap>
  </DEPEND>
  <ETC>
    <waitd3dcommand>0</waitd3dcommand>
    <disablepixelshader>0</disablepixelshader>
    <imgimport>d:\Pictures</imgimport>
    <export>d:\Documents</export>
    <picture>d:\Pictures</picture>
    <disablemovie>0</disablemovie>
    <dualcore>1</dualcore>
    <imgcache>32</imgcache>
    <cache>1</cache>
  </ETC>
  <SOUND>
    <stereo>1</stereo>
    <sticky>1</sticky>
    <ds3d>0</ds3d>
  </SOUND>
  <TEXTURE>
    <dither>1</dither>
    <mag>1</mag>
    <min>1</min>
    <bpp>32</bpp>
  </TEXTURE>
  <WINDOW>
    <setmode>1</setmode>
    <fullscreen>0</fullscreen>
    <out_info>1</out_info>
    <camouflage>0</camouflage>
    <screensaver>1</screensaver>
    <cursor_mode>1</cursor_mode>
    <limit>1</limit>
    <full_wide>0</full_wide>
    <bpp>-1</bpp>
    <mode>0</mode>
    <fps>60</fps>
    <full_height>720</full_height>
    <full_width>1280</full_width>
    <height>720</height>
    <width>1280</width>
  </WINDOW>
</document>
