<?xml version="1.0" encoding="UTF-8"?>
<document>
  <PART>
    <bgm>
      <voicemute>0</voicemute>
      <mute>0</mute>
      <skipvol>-1</skipvol>
      <voicevol>60</voicevol>
      <sysplay>-1</sysplay>
      <play>1</play>
      <volume>80</volume>
    </bgm>
    <se>
      <voicemute>0</voicemute>
      <mute>0</mute>
      <skipvol>-1</skipvol>
      <voicevol>-1</voicevol>
      <sysplay>-1</sysplay>
      <play>1</play>
      <volume>90</volume>
    </se>
    <voice>
      <part>
        <voice_000>
          <voicemute>0</voicemute>
          <mute>0</mute>
          <skipvol>-1</skipvol>
          <voicevol>-1</voicevol>
          <sysplay>-1</sysplay>
          <play>1</play>
          <volume>100</volume>
        </voice_000>
        <voice_001>
          <voicemute>0</voicemute>
          <mute>0</mute>
          <skipvol>-1</skipvol>
          <voicevol>-1</voicevol>
          <sysplay>-1</sysplay>
          <play>1</play>
          <volume>100</volume>
        </voice_001>
        <voice_002>
          <voicemute>0</voicemute>
          <mute>0</mute>
          <skipvol>-1</skipvol>
          <voicevol>-1</voicevol>
          <sysplay>-1</sysplay>
          <play>1</play>
          <volume>100</volume>
        </voice_002>
        <voice_003>
          <voicemute>0</voicemute>
          <mute>0</mute>
          <skipvol>-1</skipvol>
          <voicevol>-1</voicevol>
          <sysplay>-1</sysplay>
          <play>1</play>
          <volume>100</volume>
        </voice_003>
        <voice_004>
          <voicemute>0</voicemute>
          <mute>0</mute>
          <skipvol>-1</skipvol>
          <voicevol>-1</voicevol>
          <sysplay>-1</sysplay>
          <play>1</play>
          <volume>100</volume>
        </voice_004>
        <voice_005>
          <voicemute>0</voicemute>
          <mute>0</mute>
          <skipvol>-1</skipvol>
          <voicevol>-1</voicevol>
          <sysplay>-1</sysplay>
          <play>1</play>
          <volume>100</volume>
        </voice_005>
        <voice_006>
          <voicemute>0</voicemute>
          <mute>0</mute>
          <skipvol>-1</skipvol>
          <voicevol>-1</voicevol>
          <sysplay>-1</sysplay>
          <play>1</play>
          <volume>100</volume>
        </voice_006>
        <voice_007>
          <voicemute>0</voicemute>
          <mute>0</mute>
          <skipvol>-1</skipvol>
          <voicevol>-1</voicevol>
          <sysplay>-1</sysplay>
          <play>1</play>
          <volume>100</volume>
        </voice_007>
        <voice_008>
          <voicemute>0</voicemute>
          <mute>0</mute>
          <skipvol>-1</skipvol>
          <voicevol>-1</voicevol>
          <sysplay>-1</sysplay>
          <play>1</play>
          <volume>100</volume>
        </voice_008>
        <voice_009>
          <voicemute>0</voicemute>
          <mute>0</mute>
          <skipvol>-1</skipvol>
          <voicevol>-1</voicevol>
          <sysplay>-1</sysplay>
          <play>1</play>
          <volume>100</volume>
        </voice_009>
        <voice_010>
          <voicemute>0</voicemute>
          <mute>0</mute>
          <skipvol>-1</skipvol>
          <voicevol>-1</voicevol>
          <sysplay>-1</sysplay>
          <play>1</play>
          <volume>100</volume>
        </voice_010>
        <voice_011>
          <voicemute>0</voicemute>
          <mute>0</mute>
          <skipvol>-1</skipvol>
          <voicevol>-1</voicevol>
          <sysplay>-1</sysplay>
          <play>1</play>
          <volume>100</volume>
        </voice_011>
        <voice_012>
          <voicemute>0</voicemute>
          <mute>0</mute>
          <skipvol>-1</skipvol>
          <voicevol>-1</voicevol>
          <sysplay>-1</sysplay>
          <play>1</play>
          <volume>100</volume>
        </voice_012>
        <voice_013>
          <voicemute>0</voicemute>
          <mute>0</mute>
          <skipvol>-1</skipvol>
          <voicevol>-1</voicevol>
          <sysplay>-1</sysplay>
          <play>1</play>
          <volume>100</volume>
        </voice_013>
        <voice_014>
          <voicemute>0</voicemute>
          <mute>0</mute>
          <skipvol>-1</skipvol>
          <voicevol>-1</voicevol>
          <sysplay>-1</sysplay>
          <play>1</play>
          <volume>100</volume>
        </voice_014>
        <voice_015>
          <voicemute>0</voicemute>
          <mute>0</mute>
          <skipvol>-1</skipvol>
          <voicevol>-1</voicevol>
          <sysplay>-1</sysplay>
          <play>1</play>
          <volume>100</volume>
        </voice_015>
        <voice_016>
          <voicemute>0</voicemute>
          <mute>0</mute>
          <skipvol>-1</skipvol>
          <voicevol>-1</voicevol>
          <sysplay>-1</sysplay>
          <play>1</play>
          <volume>100</volume>
        </voice_016>
        <voice_017>
          <voicemute>0</voicemute>
          <mute>0</mute>
          <skipvol>-1</skipvol>
          <voicevol>-1</voicevol>
          <sysplay>-1</sysplay>
          <play>1</play>
          <volume>100</volume>
        </voice_017>
        <voice_018>
          <voicemute>0</voicemute>
          <mute>0</mute>
          <skipvol>-1</skipvol>
          <voicevol>-1</voicevol>
          <sysplay>-1</sysplay>
          <play>1</play>
          <volume>100</volume>
        </voice_018>
        <voice_019>
          <voicemute>0</voicemute>
          <mute>0</mute>
          <skipvol>-1</skipvol>
          <voicevol>-1</voicevol>
          <sysplay>-1</sysplay>
          <play>1</play>
          <volume>100</volume>
        </voice_019>
        <voice_020>
          <voicemute>0</voicemute>
          <mute>0</mute>
          <skipvol>-1</skipvol>
          <voicevol>-1</voicevol>
          <sysplay>-1</sysplay>
          <play>1</play>
          <volume>100</volume>
        </voice_020>
        <voice_021>
          <voicemute>0</voicemute>
          <mute>0</mute>
          <skipvol>-1</skipvol>
          <voicevol>-1</voicevol>
          <sysplay>-1</sysplay>
          <play>1</play>
          <volume>100</volume>
        </voice_021>
        <voice_022>
          <voicemute>0</voicemute>
          <mute>0</mute>
          <skipvol>-1</skipvol>
          <voicevol>-1</voicevol>
          <sysplay>-1</sysplay>
          <play>1</play>
          <volume>100</volume>
        </voice_022>
        <voice_023>
          <voicemute>0</voicemute>
          <mute>0</mute>
          <skipvol>-1</skipvol>
          <voicevol>-1</voicevol>
          <sysplay>-1</sysplay>
          <play>1</play>
          <volume>100</volume>
        </voice_023>
        <voice_024>
          <voicemute>0</voicemute>
          <mute>0</mute>
          <skipvol>-1</skipvol>
          <voicevol>-1</voicevol>
          <sysplay>-1</sysplay>
          <play>1</play>
          <volume>100</volume>
        </voice_024>
        <voice_025>
          <voicemute>0</voicemute>
          <mute>0</mute>
          <skipvol>-1</skipvol>
          <voicevol>-1</voicevol>
          <sysplay>-1</sysplay>
          <play>1</play>
          <volume>100</volume>
        </voice_025>
        <voice_026>
          <voicemute>0</voicemute>
          <mute>0</mute>
          <skipvol>-1</skipvol>
          <voicevol>-1</voicevol>
          <sysplay>-1</sysplay>
          <play>1</play>
          <volume>100</volume>
        </voice_026>
        <voice_027>
          <voicemute>0</voicemute>
          <mute>0</mute>
          <skipvol>-1</skipvol>
          <voicevol>-1</voicevol>
          <sysplay>-1</sysplay>
          <play>1</play>
          <volume>100</volume>
        </voice_027>
      </part>
      <voicemute>0</voicemute>
      <mute>0</mute>
      <skipvol>-1</skipvol>
      <voicevol>-1</voicevol>
      <sysplay>-1</sysplay>
      <play>1</play>
      <volume>100</volume>
    </voice>
    <movie>
      <voicemute>0</voicemute>
      <mute>0</mute>
      <skipvol>-1</skipvol>
      <voicevol>-1</voicevol>
      <sysplay>-1</sysplay>
      <play>1</play>
      <volume>80</volume>
    </movie>
    <bgvoice>
      <part>
        <voice_000>
          <voicemute>0</voicemute>
          <mute>0</mute>
          <skipvol>0</skipvol>
          <voicevol>0</voicevol>
          <sysplay>-1</sysplay>
          <play>1</play>
          <volume>80</volume>
        </voice_000>
        <voice_001>
          <voicemute>0</voicemute>
          <mute>0</mute>
          <skipvol>0</skipvol>
          <voicevol>0</voicevol>
          <sysplay>-1</sysplay>
          <play>1</play>
          <volume>80</volume>
        </voice_001>
        <voice_002>
          <voicemute>0</voicemute>
          <mute>0</mute>
          <skipvol>0</skipvol>
          <voicevol>0</voicevol>
          <sysplay>-1</sysplay>
          <play>1</play>
          <volume>80</volume>
        </voice_002>
        <voice_003>
          <voicemute>0</voicemute>
          <mute>0</mute>
          <skipvol>0</skipvol>
          <voicevol>0</voicevol>
          <sysplay>-1</sysplay>
          <play>1</play>
          <volume>80</volume>
        </voice_003>
        <voice_004>
          <voicemute>0</voicemute>
          <mute>0</mute>
          <skipvol>0</skipvol>
          <voicevol>0</voicevol>
          <sysplay>-1</sysplay>
          <play>1</play>
          <volume>80</volume>
        </voice_004>
      </part>
      <voicemute>0</voicemute>
      <mute>0</mute>
      <skipvol>0</skipvol>
      <voicevol>0</voicevol>
      <sysplay>-1</sysplay>
      <play>1</play>
      <volume>0</volume>
    </bgvoice>
    <testse>
      <voicemute>0</voicemute>
      <mute>0</mute>
      <skipvol>-1</skipvol>
      <voicevol>-1</voicevol>
      <sysplay>-1</sysplay>
      <play>1</play>
      <volume>100</volume>
    </testse>
    <bgm2>
      <voicemute>0</voicemute>
      <mute>0</mute>
      <skipvol>-1</skipvol>
      <voicevol>-1</voicevol>
      <sysplay>-1</sysplay>
      <play>1</play>
      <volume>100</volume>
    </bgm2>
    <sysse>
      <voicemute>0</voicemute>
      <mute>0</mute>
      <skipvol>-1</skipvol>
      <voicevol>-1</voicevol>
      <sysplay>-1</sysplay>
      <play>1</play>
      <volume>80</volume>
    </sysse>
  </PART>
  <MASTER>
    <voicemute>0</voicemute>
    <mute>0</mute>
    <skipvol>-1</skipvol>
    <voicevol>-1</voicevol>
    <sysplay>-1</sysplay>
    <play>1</play>
    <volume>100</volume>
  </MASTER>
</document>
