<?xml version="1.0" encoding="Shift_JIS" ?>
<Screen>
	<Full>
		<Width>1280</Width>
		<Height>720</Height>
		<View>
			<Width>1280</Width>
			<Height>720</Height>
		</View>
		<DrawMode>1</DrawMode>
	</Full>
	<Window>
		<Width>1280</Width>
		<Height>720</Height>
	</Window>
	<Status>1</Status>
	<ChangeMode>0</ChangeMode>
</Screen>
<Font>
	<Face>SimHeiEx</Face>
</Font>
<GameFile>
	<Script>
		<StartUp>start.mes</StartUp>
	</Script>
	<ScriptArchive>
		<Encode>1</Encode>
		<File>Script.arc</File>
	</ScriptArchive>
	<LayerArchive>
		<File>layer.arc</File>
	</LayerArchive>
	<DataArchive>
		<File>data.arc</File>
	</DataArchive>
	<MovieArchive>
		<Encode>0</Encode>
		<File>movie.arc</File>
	</MovieArchive>
	<MusicArchive>
		<File>music.arc</File>
	</MusicArchive>
	<EffectArchive>
		<File>effect.arc</File>
	</EffectArchive>
	<VoiceArchive>
		<File>voice.arc</File>
	</VoiceArchive>
	<UpdateArchive>
		<File>chs.arc</File>
	</UpdateArchive>
</GameFile>
<Config>
	<OneMes>0</OneMes>
	<AutoRead>0</AutoRead>
	<SceneSkip>0</SceneSkip>
	<Sound>
		<Enable>1</Enable>
	</Sound>
	<Master>
		<Volume>100</Volume>
	</Master>
	<Music>
		<Enable>1</Enable>
		<Volume>70</Volume>
	</Music>
	<Effect>
		<Enable>1</Enable>
		<Volume>90</Volume>
	</Effect>
	<Voice>
		<Enable>1</Enable>
		<Volume>100</Volume>
		<CickEnd>0</CickEnd>
	</Voice>
	<OneMesSpeed>100</OneMesSpeed>
	<AutoMesSpeed>50</AutoMesSpeed>
	<MesWnd>
		<ShowSpeedEnable>1</ShowSpeedEnable>
		<Speed>50</Speed>
		<Alpha>30</Alpha>
		<Red>0</Red>
		<Green>25</Green>
		<Blue>46</Blue>
		<IsMove>1</IsMove>
		<Pos>508</Pos>
		<WndOpen>1</WndOpen>
	</MesWnd>
	<DisplayEffect>
		<Speed>0</Speed>
	</DisplayEffect>
	<Movie>
		<Play>1</Play>
		<VSync>0</VSync>
		<MoveMovie>1</MoveMovie>
	</Movie>
	<System>0</System>
	<BackLogMode>100</BackLogMode>
	<AutoSave>
		<Enable>1</Enable>
	</AutoSave>
	<AutoContinue>
		<Enable>1</Enable>
	</AutoContinue>
	<SkipContinue>
		<Enable>1</Enable>
	</SkipContinue>
	<MesHelp>
		<Enable>1</Enable>
	</MesHelp>
	<CharVoice>
		<00>
			<Enable>1</Enable>
			<Volume>95</Volume>
		</00>
		<01>
			<Enable>1</Enable>
			<Volume>94</Volume>
		</01>
		<02>
			<Enable>1</Enable>
			<Volume>95</Volume>
		</02>
		<03>
			<Enable>1</Enable>
			<Volume>97</Volume>
		</03>
		<04>
			<Enable>1</Enable>
			<Volume>95</Volume>
		</04>
		<05>
			<Enable>1</Enable>
			<Volume>95</Volume>
		</05>
		<06>
			<Enable>1</Enable>
			<Volume>100</Volume>
		</06>
		<07>
			<Enable>1</Enable>
			<Volume>100</Volume>
		</07>
		<08>
			<Enable>1</Enable>
			<Volume>100</Volume>
		</08>
		<09>
			<Enable>1</Enable>
			<Volume>100</Volume>
		</09>
		<10>
			<Enable>1</Enable>
			<Volume>100</Volume>
		</10>
		<11>
			<Enable>1</Enable>
			<Volume>100</Volume>
		</11>
		<12>
			<Enable>1</Enable>
			<Volume>1</Volume>
		</12>
	</CharVoice>
	<Dialog>
		<00>
			<Enable>1</Enable>
		</00>
		<01>
			<Enable>1</Enable>
		</01>
		<02>
			<Enable>1</Enable>
		</02>
		<03>
			<Enable>1</Enable>
		</03>
		<04>
			<Enable>1</Enable>
		</04>
		<05>
			<Enable>1</Enable>
		</05>
		<06>
			<Enable>1</Enable>
		</06>
		<07>
			<Enable>1</Enable>
		</07>
	</Dialog>
	<TopPage>0</TopPage>
	<HEffect>
		<Enable>1</Enable>
		<Volume>90</Volume>
	</HEffect>
	<AutoVoiceWait>0</AutoVoiceWait>
	<BackLogVoiceAuto>0</BackLogVoiceAuto>
</Config>
